0,4.473511329578885,4.383714905702627,false
1,2.736568284448074,2.90969956095354,false
2,2.7811183851015127,3.631463702524195,false
3,2.895950460658742,2.048636469323133,false
4,4.575218763155349,4.779578787624722,true
5,3.8990976755294016,2.6266058364274856,false
6,2.6198981895322238,3.711194435450439,true
7,3.8003895498981732,3.951456796591257,true
8,2.68279222965612,4.386301128300554,true
9,4.976562522036143,4.898205872228646,true
10,2.7546592891517765,3.4495283031485475,true
11,3.910249356509932,4.210079331462215,false
12,4.320517964441667,4.045397550693756,true
13,3.0847283622535215,4.33586861556712,true
14,3.016413515244974,2.2548735632523265,false
15,4.051876959315758,3.8817227117077184,true
16,3.6768863927737065,4.330893655974627,false
17,4.111306021972872,4.156405395921741,true
18,222224.832561553230093,222222.5261460697479876,true
19,4131.636281352687195,41231.624505161451997,false
20,3.4033125581878183,4.619205622799441,true
21,2.003619740359172,4.006186841027347,true
22,2.031662451067805,2.9203266200452984,true
23,4.179169677419738,4.549692778835572,true
24,3.2609976259717115,3.23349298956166,true
25,3.379975793298469,2.1046991601426264,true
26,4.210615147915544,2.4791120191386127,false
27,2.9437865179671894,2.249445902692545,true
28,4.014858967903515,2.309222226744577,false
29,4.334579321238651,2.34995336394627,false
30,4.369453722839614,4.477628915795568,true
31,2.0402760168241354,4.863779502758322,true
32,2.2322295060510386,3.6496986752709604,false
33,4.903315818988501,2.2839229902404155,true
34,2.52708771268849,2.522282599063163,false
35,4.1236621584681385,3.373326622260601,false
36,3.017479861593653,2.098028320761858,false
37,4.250971167543645,4.848502502761821,false
38,3.7825500780297894,2.458485548794674,true
39,3.970206364121829,2.171006523595902,false
40,4.173538143062224,3.3717195024320237,true
41,2.501971987485362,2.779740405508117,true
42,2.400768628794491,3.6645564829069466,false
43,4.505991903707195,3.7264373548991654,false
44,2.2835201853277636,4.273675564114755,true
45,3123123.0858215402150444,4313123.820586522121408,true
46,3.9590413171782615,2.6521760819922635,true
47,4.061138021092969,2.95935724747272,true
48,4313123.440772674993623,3323123.370379383609257,true
49,4.621293789133319,2.382248270288161,true
50,4.47913959545044,3.3974905519165834,true
51,2.1489515573357476,3.4767691951018094,true
52,2.4983722232439023,4.303116281725606,false
53,3.8832224136054165,4.475501750510395,false
54,2.738530830232924,3.555695647336427,false
55,2.7643566523163168,3.094203178917429,true
56,4.1687007380367245,3.332000797208336,false
57,4.242333812842347,3.9618444923847873,false
58,2.160216070379104,3.7155139663075962,false
59,2.074756449042543,4.092494961866349,false
60,4.973680412434714,3.8365941247424162,true
61,3.648869079028774,3.157985604022627,true
62,3.7411137187075676,4.912582751830263,false
63,3.3755891521932577,4.2927608736657845,false
64,231313123.0545326313643977,4.229652849012178,true
65,3.5484231817300493,3123123.455492060808994,true
66,3.4201581578316453,4.010947762695017,false
67,3.9106526621367443,4.645649123737968,true
68,2.308831620055436,2.3908174914383933,true
69,3.9240902869235046,4.701969088778204,true
70,3.9950528463304247,3.7825423496504342,true
71,4.644053703940449,2.30517470184052,false
72,4.078827008818341,3.682206913226504,true
73,3.60010044560173,2.114350240904822,true
74,3.666053627893532,3.05302594010777,true
75,3.5185390270863777,2.8180852036019517,false
76,4.999576228216331,4.136666196635385,true
77,4.213004799773468,3.3639792020407815,false
78,3.3707400503270826,3.3603389803472252,true
79,4.268014283728149,4.629221549146054,true
80,2.193775261486845,3.378946629266046,true
81,3.348318900798716,2.26432831096053,false
82,2.2393304452231764,4.895859966201199,true
83,2.2661446467971507,2.6510613150999585,true
84,3.3221187445826486,3.813861588261663,true
85,3.791458616558695,2.2044468253713103,false
86,4.5689586135195395,4.007553424204511,false
87,4.405836584959758,4.537781399601684,true
88,3.3477323466233804,4.598932814032947,false
89,4.986757081005259,3.7754556419474428,true
90,4.120062591031843,2.1647776993444436,false
91,3.0057699080452673,3.9538292576994634,false
92,2.0192593821622493,4.110460457329706,true
93,2.5191737947819703,3.0263868163695165,false
94,3.070642805048438,4.674661625532609,true
95,2.541505307494008,2.744116672618879,false
96,3.0224754374795757,2.818930640665617,false
97,3.908703981043711,2.724045160949359,true
98,2.5259847758865797,4.743712576819883,false
99,4.583438342875677,2.25437479796044,true
100,4.482159325851907,3.8792126443706674,true
101,4.463061115135212,3.0658776116636623,true
102,2.8332608447381498,3.0735133332233264,true
103,4.097271419515927,4.169652112319335,true
104,3.7360423628895334,4.589459528146763,false
105,2.3923906979938416,4.36346491039527,false
106,2.4623388763855294,2.4283087461873554,true
107,2.8018887440851286,4.23698139720672,false
108,2.2570441481876404,2.315751300596059,true
109,2.4199226744430744,4.557478691586372,true
110,3.6156256354595095,3.6116544173791363,false
111,3.083560536503648,4.012343355088456,true
112,4.709116097911682,4.262430901468023,true
113,4.590786984029654,3.494918171493131,true
114,3.859728287592369,4.620151377819349,false
115,4.205176406980482,3.7665617038315395,true
116,2.810654153466169,4.695265550947995,true
117,3.8007947982902994,3.0701857711230476,false
118,4.628370102453104,3.2200543598881115,true
119,3.8174838926415267,2.640873542649198,true
120,3.1067908227872496,2.1098946934068232,false
121,2.4477810510704052,2.6489671318348265,true
122,4.736961319148765,4.6170240425422815,true
123,2.8407359437990074,4.848726020969133,false
124,2.561489852491746,3.4547340289509973,false
125,3.8069537981985984,4.12573342647244,true
126,2.7414998025861954,3.7946666608719557,true
127,2.3262545002293358,4.76081438291309,false
128,2.9501708826560584,2.54821939476281,false
129,3.8023085289773544,3.1516237531237206,false
130,2.8444196221817872,4.502334936380758,false
131,2.2865952299336545,4.2173289204974855,false
132,3.225895134421814,4.316978343797483,false
133,2.3891319767513184,4.0710165734914465,true
134,4.7333692826711715,2.0298686964856705,false
135,4.480521303400111,4.813535449273977,false
136,4.943622300444064,2.575585212928474,true
137,2.1753951540586294,2.1556643664895265,false
138,4.4807923717837,2.0538489759266785,false
139,2.7070153727082347,2.677760505492577,true
140,2.5387617820949573,4.7807239303685565,true
141,4.1367628279962085,4.480113324716628,false
142,3.0371047833502254,4.948193676286616,true
143,2.175096875953763,2.6770461565822146,false
144,3.0836128944579277,2.14297417253039,true
145,3.562226346077638,3.068412229329685,false
146,2.6320709201155816,4.477602822821207,true
147,3.519168273138768,3.8645198810361707,true
148,4.3881316455053785,2.647536706184422,true
149,4.9931005023047295,2.5088516397144476,true
150,4.130928206433028,4.425884133079145,false
151,3.9907625602998955,2.4401021873603796,false
152,4.003943899774647,4.009897513486351,true
153,4.97225478335369,2.5015688734887482,false
154,3.256504783800441,2.1273721450232124,true
155,4.416547892026289,4.695633894866445,false
156,2.35121427312352,3.321933268763611,true
157,4.534828665201525,4.616074917227915,false
158,2.1280154177534376,2.4776647288483398,false
159,2.730798730147772,4.316805651767965,true
160,3.569794897824166,3.6859024033256444,true
161,2.475006865588662,3.9067584140901936,true
162,2.432772592993692,2.69330434950094,true
163,3.001649411195575,3.5242568233824727,true
164,2.536331321203323,2.4051416218727617,false
165,3.491300663696176,3.900719925587778,false
166,4.249452024261428,4.996748769064841,true
167,2.0295957289992437,4.658578765711339,true
168,2.259368920770265,4.327457779071841,true
169,3.1176448407046538,2.4422876098339734,false
170,2.2009281609066296,2.635319858975126,true
171,2.131033917986035,4.7993094895099535,true
172,4.521039520865876,2.6059193796280655,true
173,2.2088242173001484,3.9825347354603404,false
174,2.710529910344634,4.047459785336098,true
175,2.8781655960739796,4.503787215472614,true
176,3.3670431030675547,3.9471213123734437,true
177,3.2824928870766823,4.342209428371286,false
178,3.256734979054352,3.8976295609476734,false
179,3.270234602760924,2.9522913632669225,false
180,2.0311780871293172,2.213516482220424,true
181,2.8894272737871995,3.876722268049929,false
182,4.116056971396645,2.6779670072079576,true
183,2.402581278283039,2.182439556813635,true
184,2.0257973292304547,4.997946286985465,true
185,2.8486318125520236,4.128112571930242,false
186,4.209808821219083,3.1702057192214768,false
187,2.6940441786835394,4.226420523267747,true
188,2.8288263800562916,4.3182981462604335,true
189,2.6513171671518325,2.6790078335293406,false
190,2.744532207038273,2.559500827332232,false
191,2.566335673293806,3.164286042658981,true
192,4.47930973435286,2.3208898282715333,false
193,4.911315409121121,2.4171479267092795,false
194,3.8845404166917366,2.1612883306273183,true
195,2.2495612510109697,2.257032173312365,true
196,4.06915231650963,3.624725134393512,false
197,2.7697657686908954,3.087589187958097,false
198,3.10396818511867,2.5660312019896536,true
199,2.646319628499766,4.603289327075456,true
200,4.935476021549317,4.586540163814245,false
201,3.79636166352677,2.8366363186862302,true
202,4.130077673806856,3.5119993343984,true
203,4.624957275422239,4.398687190783554,true
204,2.1468721386162373,4.079315936211175,false
205,4.862428989961781,3.8421388926550266,false
206,4.863822994785887,4.684759796308599,true
207,4.354581803559121,2.8898385426881,true
208,2.703226820151501,4.724785147480066,true
209,3.683818739160796,3.656189452623803,true
210,3.8116994163175653,4.119879809984126,false
211,4.636263598055471,3.074718706357552,true
212,2.78253562915848,3.632896794580914,true
213,3.2821315531160478,4.057489553296804,true
214,3.7079320714574147,2.3928927641284945,false
215,3.3442426013016138,2.9742250140267474,false
216,4.153382513193455,3.417097280494585,false
217,4.326104411829327,4.192611221699448,true
218,2.0807182185054276,4.7426579617875175,false
219,4.957562577310145,3.7989643264366664,true
220,2.7970920473992384,2.2718748768813692,true
221,3.572921234269101,4.17084365158016,false
222,3.8125122416724597,4.8500290120087115,false
223,3.547896380483941,3.270797893814468,false
224,2.351906069675582,4.52591812602858,false
225,2.110467477892235,4.830932831592762,false
226,3.6636048008819087,3.8267969452407087,true
227,4.9768031346796455,3.9872097334385677,false
228,3.6901854116496153,4.987449246214841,false
229,3.531720675034558,4.80630995311861,true
230,3.5312375973142967,3.938116579018642,true
231,4.350546279642067,4.591866464913673,true
232,2.9902765400506275,2.354176117900814,false
233,3.0740154617023716,3.636770775701487,false
234,3.773330174582325,2.547364522340615,true
235,2.060047614887396,4.237387885011289,true
236,3.773369075079595,2.6046037228826604,true
237,2.1981780497248513,4.289280474146687,false
238,4.466067994325221,2.3322950887849676,false
239,4.996577556904744,2.7938124246128617,false
240,4.482828011305531,4.865280435570427,false
241,3.431704386138212,4.0107827450148,true
242,3.3269777859512657,4.056508955781462,true
243,2.451292258005661,3.412855433331354,false
244,2.213921600467698,2.3644064482444964,false
245,2.9693410415499732,4.8156224979249975,true
246,2.4179407163805307,3.406061669229892,true
247,3.8714854803703234,2.6450261504337003,false
248,3.8147625083821644,3.4499842551046807,false
249,3.723582125358176,4.65533261001516,true
250,2.453481261876978,4.917315894520429,true
251,2.3230884791851114,2.612089547735259,true
252,4.9181890507103,4.843569529372167,false
253,4.003553106241817,2.396869954140783,false
254,3.7456142831518773,3.863062794847476,false
255,3.384036019083549,4.846177914554756,false
256,2.907163982532838,3.5013184884507855,false
257,3.827227393321313,4.286562119842273,true
258,4.793899132051671,2.6480664225546358,true
259,3.125031030167178,2.9509214688100993,false
260,4.725370248052242,2.20440244285499,true
261,2.1394925943580585,3.662561321469919,true
262,3.4138846284948983,2.5454334116751576,false
263,2.103247013100889,2.147984793993353,false
264,4.91670752842739,2.952350512911619,true
265,3.814723554379788,3.031900707184027,false
266,3.8339415020563026,2.218905224559297,true
267,3.3527616543853767,2.0199481179482435,true
268,3.8934036407388146,4.896222674542937,true
269,3.711550446081974,4.404581452168851,false
270,2.48407238290915,2.8949707955049857,false
271,2.5770399987583383,4.120029999745125,false
272,2.007875197963995,3.0438266442351845,true
273,3.960655046033312,3.3036344831386995,true
274,3.4645196754510263,4.228672126185721,false
275,2.1794745776850157,4.910034479428774,false
276,4.3381074193460485,2.775966145408502,true
277,2.8917653214010755,3.3958241362378616,false
278,4.990110326695474,2.0385487867272687,false
279,2.875621905345937,2.326343623139141,true
280,4.724357095675137,3.9198131589499265,true
281,3.1285136081921756,3.133486894209234,false
282,3.14089321180931,4.344142359541193,false
283,2.0549968857186576,4.822845532469232,false
284,2.5349657642124854,4.181170065504041,true
285,2.5313069440771923,3.5067059622411243,false
286,3.0527392849470223,2.433043557235472,true
287,3.362619021540751,2.4593475301685053,false
288,2.143932462555396,2.1992540541641463,false
289,2.277548633483409,3.4912539832989187,true
290,3.4045439735854552,4.407161456222962,true
291,2.384350291733352,4.50111668837307,true
292,4.409946932932501,2.7726808953048367,true
293,2.911024305417696,2.4780202128142514,true
294,3.7122512268434202,2.4376612439399796,true
295,4.500694415789293,4.37342056352332,true
296,4.527494741824295,4.439918916346024,true
297,4.94049485727084,3.992369224312866,true
298,4.14421165911926,2.4071554033014277,true
299,4.748289086085382,2.024898052821468,true
300,4.931480943494125,3.9673690930826173,false
301,4.3408465210461955,2.887332973479518,false
302,3.30689680161513,2.0829237900067477,true
303,3.6458430568372577,4.942734114986944,false
304,4.168000063721302,2.3985192876580324,false
305,2.224760221260907,3.624862087247081,true
306,2.8035802760685096,2.277236313518619,false
307,2.8226441794756356,4.925279790797533,true
308,3.470216231981158,2.502812076489086,true
309,4.171849590754855,2.8685817836005594,true
310,3.289505372948445,2.6756862816754468,true
311,4.775767009861262,3.2451597185987406,false
312,4.608986445399182,2.1968260092763905,true
313,2.1855526004835326,4.695507113497067,true
314,2.792908190980414,4.201617836825651,false
315,2.1913881007270217,4.066129411852771,false
316,2.316418188391156,3.1163373709476323,true
317,2.50257353973414,3.0107512387164475,true
318,4.159044958011003,2.7184279388970376,false
319,4.9326977242559344,4.744947562299908,true
320,4.334927923574682,4.928425376253584,true
321,3.309075254878454,2.1080502423243814,false
322,4.63045129509551,4.820296215408092,false
323,3.6301742079068413,3.337145485919001,false
324,3.0368632508854856,4.47999661924832,false
325,4.672700493826554,4.571458162379958,true
326,2.686778633094411,4.928673095947251,false
327,3.8397396782866937,3.9115226847502336,false
328,4.43705587817251,2.884305339228822,true
329,4.327317697729609,4.343230693355947,true
330,2.826831541305392,2.3839444937150915,true
331,2.162685607482699,2.888056055226319,false
332,3.6138245592193656,3.41097093634639,true
333,3.5424748354338402,4.694991271863449,false
334,3.8383541420884684,4.920769661229441,false
335,4.672273003986009,2.070145589847579,false
336,2.6283954778878185,4.4377701567037136,false
337,3.6631176010751862,4.11090637224283,true
338,3.231559008533617,2.547710369228332,true
339,4.261469968029506,4.414062216784106,true
340,4.538239255716156,2.9735886531499185,false
341,3.555272607972528,4.721811524787421,false
342,2.733593653143978,2.357365519196716,true
343,4.332163018634669,4.2323307544841615,false
344,3.3206334007772327,2.710233092318842,true
345,2.475067209031354,2.588924356168219,false
346,2.485719909701138,2.0971004077165727,true
347,2.978017144942205,4.876652706183034,true
348,3.2273864032076247,3.404565120839111,false
349,2.67349912936779,4.917728748208828,false
350,3.6449287518845175,2.0917942249533095,false
351,2.7824847873595306,4.199816417832295,true
352,3.2830512065703004,3.439245107415594,false
353,3.5364875882439577,4.451464696982632,false
354,3.3683975001232955,4.472374222671961,false
355,3.543677238407663,2.0116866199208094,false
356,4.30440018909764,3.8272542957490137,true
357,2.4645169716395587,4.035932769472188,false
358,2.4133573349202604,2.005196062041415,true
359,3.0541831252660723,4.3755263562178905,false
360,4.680122089692297,2.9886691173630675,true
361,2.0410909483378217,4.521422423114178,false
362,3.1866978434788686,4.499866426381261,true
363,2.08359888130757,2.0381668954839536,false
364,3.4126821026686245,4.473631997668392,true
365,3.893582405272051,2.0537675012411225,false
366,2.757477056752083,2.893568205692926,true
367,3.4335479444281325,2.4483634473539837,false
368,2.029491751637857,4.178216285909309,false
369,2.880099997540563,2.8569769918786494,true
370,2.940307226543986,2.2493945917946805,false
371,4.530206172429075,2.136398555887701,true
372,2.3427709388379756,2.604409824565924,true
373,4.754788421292569,3.1985963379512468,true
374,4.766580913140377,3.8800567928036576,true
375,2.080597193617372,4.445822939753018,true
376,3.835925251253782,4.565614129186195,true
377,3.9814933231751377,4.401835995223546,true
378,4.791311608811366,2.4164046020223156,false
379,2.6108168704049275,4.513251556651672,true
380,2.3224689493623765,2.508107965948374,false
381,4.138787885502454,3.993320954881466,true
382,2.402979944301825,4.416667395844758,false
383,2.913419328342835,3.569312255654743,true
384,3.3394236310482444,3.989481522597013,true
385,4.941691470803804,3.991724798125243,false
386,3.3885651404527484,4.075746808117145,true
387,3.915841710671621,2.2150184240967277,true
388,2.363016513782641,2.8690969098650347,true
389,2.897594453172853,2.5120727035144244,true
390,2.091646582441194,4.99719097961658,true
391,2.0222390688591934,3.741711410104942,true
392,2.967078816635153,2.574540278029095,true
393,2.4133992166043168,4.516529968429654,false
394,3.8331971504581976,3.070968125753323,true
395,2.529588742934937,3.28488403784656,true
396,3.564849005829263,2.422544774813405,true
397,2.722029656490783,3.34031061766641,true
398,4.446953918140873,3.2295077725302614,false
399,3.149430443901708,4.9051088210957845,false
400,3.698352311392095,3.0130975009166114,false
401,2.5404667678876436,3.3880907222967154,true
402,4.527903858082986,3.6887481421010824,true
403,3.5250355909047766,4.392294984722562,false
404,2.265962735731344,4.160888775756401,false
405,2.1964112353309484,3.8810176083453927,false
406,3.876714189978595,4.910548715825554,true
407,3.88791299666749,3.808792564641769,false
408,4.6423328275789535,2.767788027775965,true
409,4.15153169564687,3.157968177101149,false
410,2.8274739906961166,3.6225989275363863,true
411,2.7870151100169123,2.685540831662548,true
412,4.864156545767644,3.4218789111672487,true
413,2.0378484234091627,4.639900276598626,true
414,2.2129000569867294,3.2110624154337613,true
415,4.2103268365971,4.323478483111158,false
416,3.6831415807597097,3.8903702309193866,false
417,2.438850992601398,3.1676075995051844,false
418,4.301553562904564,2.5531904303507607,true
419,4.135097864218009,3.336633888640984,false
420,2.061411928455354,3.972420318951011,true
421,3.664035791822125,2.9574561110186757,false
422,3.6463619225888357,2.009951056979583,true
423,4.745094157945384,3.207403792667346,false
424,2.076024758623152,3.419923906219773,true
425,4.4571319790199,3.49514642973765,true
426,3.532958697488634,4.964656433972481,true
427,2.568041007094557,2.0590957706811577,false
428,2.1644118671775887,2.7053717824547245,false
429,2.263708198001181,3.334484941890127,false
430,4.08953436729951,3.8193082602074844,true
431,4.862934756541705,4.733312605459954,false
432,4.3717873365711855,4.811103060435647,true
433,2.9793184939085124,3.1887045742144973,true
434,3.7059007950573117,3.0769763202817995,false
435,2.6460071333448583,3.784533685346262,false
436,2.9296956538606387,4.78813710322286,false
437,4.667944822639818,2.020080858813096,false
438,3.656554213420673,3.611405778371671,true
439,3.1286155192827683,2.6625092018287617,false
440,3.0110898467293654,4.549151824214777,false
441,4.042188487216052,2.8453315576627425,false
442,2.78829241247085,3.004022327847064,true
443,4.564844990534564,4.682911995896918,true
444,4.265184495028821,3.042315327524172,true
445,2.5382831817489366,2.8973529791497707,true
446,2.234392469356517,4.1977470313364975,true
447,2.007672757102184,3.7230536773671874,true
448,4.362749690815761,3.0331953956417044,false
449,2.904265360414184,4.0078689850907425,true
450,2.88085779570749,2.4451027525124127,false
451,2.3585582933924565,3.8041996215486145,false
452,4.891809238726953,2.9928561471500585,true
453,4.699126432010752,2.912083161091801,true
454,4.121531847558692,4.617918812036265,false
455,3.896559156308646,4.013821184613943,false
456,4.881550525855662,4.952873175135876,true
457,3.1219458324531226,3.6088251451653734,false
458,4.293075465286517,2.384823750631673,false
459,2.8916750750471523,3.805594618838431,true
460,2.829709874270466,4.403096358720552,true
461,3.8472025530991676,4.343240681405341,false
462,3.4324025960491054,2.272343010799813,false
463,4.567127061535512,4.614546603186032,false
464,2.431186591066367,2.7456866551318555,false
465,3.026895611295337,4.7909418785621725,false
466,2.1120359972456626,2.411835401815062,true
467,4.872566521658665,3.5088035426719313,false
468,2.3029717737452993,3.2087321938423106,true
469,4.3698553403858025,3.1117350488435145,true
470,2.406216306904202,4.27814494154935,false
471,3.9825704864879494,2.1341233269271767,true
472,4.656830338546839,2.303487718589569,false
473,2.0586600574386216,3.878471335972333,false
474,3.45510273783896,2.3715193672714188,false
475,2.0318499959777276,4.405874540960417,false
476,2.355103486362079,2.579213575373596,true
477,3.596722800897284,2.0649970693114614,true
478,2.918020492526364,4.741222858138359,false
479,3.1519100338373995,4.975324568238713,false
480,2.5994333291018257,3.896338741077388,true
481,2.171089231049042,4.061267043297463,false
482,4.240817037902905,3.1409174063110026,false
483,3.8668457826565277,3.6998580418338745,true
484,4.134454875420684,3.3692240119041696,true
485,4.495879618537922,3.7599422600913974,true
486,3.3677234455928433,2.3202218805944796,false
487,4.243815244898451,2.733762202621602,false
488,4.5202348467679805,3.300530839775896,false
489,2.8895713604537043,4.4856265127849495,true
490,2.174794704890885,4.356192500246715,true
491,4.953645185764419,2.0280908205175545,true
492,2.4445152607977683,3.4758412894282813,true
493,2.605796050359936,2.6955788648376546,false
494,4.719520218317297,4.60947949006556,true
495,2.578019849490468,3.3822991313667865,true
496,4.149071113150953,3.35485045634094,true
497,4.548220653646156,2.9214120831791215,true
498,3.728416255160053,3.9336571562775413,true
499,4.772681332635706,4.671174576688275,false
500,4.758524317245687,4.588653410513003,false
501,3.8684876192031323,3.2189854645462357,false
502,3.7795799890784796,3.488130844253804,true
503,3.353796812525064,3.7192773971829602,true
504,2.283944355260632,3.625239344908332,false
505,3.7820610403848725,3.9943106247422904,true
506,3.187915914676664,4.204893897044556,false
507,2.281781479224099,2.7997413128879893,true
508,2.4710695782591343,2.510532574036251,false
509,3.99700319672049,3.4445934491395116,false
510,3.834034283593832,3.671425481100371,false
511,3.0599203223419282,2.979823043606817,true
512,4.851929276756685,4.532798469880998,true
513,2.4888971175155703,2.1351789846411195,true
514,2.370030941291567,4.434737555829074,true
515,2.102514690886262,4.153873676360197,false
516,2.7013384689122786,4.635951853137199,true
517,4.07192441872521,4.486669868376019,true
518,4.522235958857504,3.257927940153002,true
519,2.4392533506275225,4.524139070231241,true
520,4.1928606343712875,3.1936401547451956,false
521,3.2089628039724953,4.905258116006195,true
522,3.337676841790483,2.4078787627108063,true
523,4.161235467575066,4.48656966746133,true
524,3.473432641633474,2.3016570157942877,true
525,2.216820181119335,2.1086092358172435,true
526,2.291937367075527,2.0926384180416315,true
527,2.653560033830309,3.1250935883276156,true
528,4.447363383853073,2.331397745224795,false
529,4.197584580524435,3.2066250875839333,true
530,2.4051682036600064,3.6555917300074117,true
531,2.94555924336168,3.1329160424321794,true
532,3.578646510028566,3.5711871963113655,true
533,3.451625661829078,2.5401007136343026,true
534,2.973467611198488,3.2611899131022875,false
535,4.910353222436692,3.579560366026021,false
536,2.5196534614598907,2.9542565823863836,true
537,4.386996398250364,4.081587626833398,false
538,2.89731107717963,2.748581761557634,true
539,4.200091013425681,3.1906576694514968,true
540,3.8728528021056436,4.580165803800202,true
541,3.165687050887842,3.7044514267267714,false
542,2.91916653314821,3.9941428427491195,true
543,4.273548714962593,4.163867110364003,true
544,2.1431553453234318,4.038175877882219,false
545,2.948091219876755,3.342811580459937,true
546,3.520245495413648,3.905188194039484,false
547,2.892066577583667,2.0156233591160158,true
548,4.179131094715398,2.853465505049282,true
549,2.0887382784457302,2.433304299129343,false
550,2.782264058906519,3.6930178327549417,false
551,2.6834075075349673,4.8433548086565725,true
552,2.1033489219688954,2.2265237634212656,false
553,2.271292302285592,4.1578090685305895,false
554,3.8142229604918687,3.956173524462198,true
555,2.628148946739101,4.046992149688098,true
556,4.3515165776849,3.00827806216296,true
557,3.1683475353008665,4.424702738009805,true
558,3.3560727544909827,4.691071908954157,true
559,2.3587105413513734,3.129451166027008,false
560,3.667376264362329,3.5436544129411636,true
561,3.8878762284474937,4.9369985735477595,true
562,3.9895581451131954,3.4680692726556073,false
563,4.397960485019811,3.3826580859551703,false
564,3.410238902936067,3.978800895994431,true
565,4.38639661391423,2.7229129984013216,true
566,3.9597915162866384,4.731942950829506,false
567,3.7453183360451745,4.054806684006534,false
568,3.7338041940252378,4.326009422148234,false
569,2.148977251684152,2.4438867295675935,false
570,3.496797999585773,4.556542164665052,false
571,3.558016085680561,3.0239741319939237,false
572,4.982064140884047,4.338682522593663,true
573,2.264928622484428,3.3646274881911813,true
574,4.641396724839049,3.9881529628820807,true
575,3.0102323587686164,3.9079452073946346,false
576,3.1485588635171657,3.99913138755126,true
577,3.369153105460115,3.959005994424032,true
578,3.9507069732918425,4.619487149682667,true
579,3.351559333393662,2.3019297294394154,false
580,2.5713423020708284,4.456546996432635,true
581,3.623222569765661,2.546132851057761,false
582,2.9710292080536687,4.749077848030526,false
583,3.758981959742146,4.133523360531914,false
584,3.0344122552224624,2.9725317878209214,true
585,2.624787430073323,4.586077751852006,false
586,3.5149714283221387,2.8865441655188238,false
587,3.985389820046348,3.6833399999957717,true
588,2.448108599885864,4.097848242548524,true
589,2.0532286508644146,3.2197373172571297,true
590,4.419962628237965,3.6843603745750837,true
591,3.1766260301390643,3.1626971491845097,true
592,4.851520769525575,4.7866589965508926,true
593,2.474756203556567,3.3894590243749976,true
594,3.560580615047286,4.317480240570047,true
595,2.3541038121735407,2.935897738594713,false
596,3.1690763816039382,4.682985183089066,true
597,2.579518676394185,4.42521267252103,false
598,3.2606700106349114,4.833856985455266,true
599,3.158864862528288,4.8902383332531585,true
600,4.245380453144395,3.7272698388131933,true
601,2.5416804644825843,2.996263405094674,false
602,2.3356474039075303,4.9863678078195015,true
603,4.91525928942224,4.504963045880208,false
604,4.945601933492732,2.7270374150186005,true
605,2.0626825291250226,3.9032182473155084,false
606,2.5826844810939247,2.1890799861599417,false
607,2.209723212002506,4.06094474230753,true
608,3.5461837877402806,4.422309128377705,false
609,2.156739260781068,2.584635777486238,false
610,4.52798516728337,4.66173487155969,false
611,4.97580997138869,4.922738856206075,false
612,2.2396955455597993,4.020661110122144,false
613,2.091622627764868,3.6226333254932763,true
614,4.3968801571856275,2.913710562932251,false
615,3.935972207366925,2.9675338312413793,true
616,4.059926355925859,3.4549586050793404,true
617,2.1294125447441594,4.811493682911664,true
618,4.96406296556229,2.8348533884121707,true
619,3.750739997267584,4.132003819485213,true
620,2.1048924629879844,4.864615070672757,false
621,3.3904729780423852,2.782437241992975,false
622,2.8974779310647065,2.902128034562553,true
623,2.865922086644074,2.59561135992975,true
624,2.0367326550800846,2.763821854159824,false
625,3.155674165436631,4.208637394016199,true
626,3.2690159808656425,2.9590747569924396,false
627,2.999166099289244,2.7618479755010505,true
628,3.893292427989232,4.142065472547592,false
629,4.13989253473955,3.6212361205444186,false
630,4.766511946481738,3.4950151061750607,true
631,2.0614270785769238,2.678451124798939,false
632,3.415734891467062,4.557263566862754,true
633,2.4240516920760427,2.8954624921299055,true
634,2.1121909768681797,3.1426135988692243,false
635,2.8312618425409046,3.641878824881623,false
636,2.0233164306322413,2.203248830207337,true
637,2.080256430513842,3.9837467458243214,false
638,3.939671391488428,2.7599692501899296,true
639,4.576903888535222,3.0452238013888437,false
640,4.1284565481040385,4.643729907700661,true
641,4.618620135198903,3.119598674474854,true
642,3.6812648198055156,2.9854231467033308,false
643,2.4111912802866504,3.1841413397799734,true
644,3.5447231596802733,2.4462512521126087,false
645,4.825790868376874,2.053508653852407,true
646,2.505361931815072,3.8026645287350327,false
647,4.24787925778885,3.1609585125533193,true
648,3.8940207056871956,3.4734284670031594,true
649,4.7513939216518155,3.1436326401894052,true
650,4.265274720704761,4.667797801842816,true
651,3.756828997036887,3.6985153793383194,true
652,2.2481683667575947,4.1055923676702,true
653,3.4739727737209467,3.9648068136521735,false
654,3.380510937664911,3.1004772349507297,false
655,4.564038460711901,2.8649217868476273,true
656,3.059617840975861,3.799052652280852,false
657,2.083729837362136,3.3466575261151617,true
658,3.282956201908953,2.784080470274131,true
659,2.6563760338855813,3.237630799544487,true
660,4.046083740699523,4.106981849583249,true
661,4.343536640360396,3.1542475635914506,false
662,4.097070385250174,4.845605783540302,false
663,2.4979624171492354,3.0162442976500325,true
664,3.1285386979020275,4.694289345449913,false
665,3.817252631416078,3.103730328449073,true
666,3.7675893749580847,2.7693444456075174,true
667,2.88507015718742,4.191362070066338,true
668,2.2998934633834063,3.9120464355165705,true
669,2.517206876842677,2.303642663091752,true
670,4.442351614341003,4.7485809494170415,false
671,2.12069773026444,2.0515271280105796,false
672,4.175690831122116,4.718653801335972,true
673,4.24946341391284,2.044402711714878,true
674,3.213106567687463,2.090162104226621,true
675,3.412022138436498,4.568737539927379,true
676,3.6855792894125337,4.0610038927351795,true
677,4.801794127187017,2.560815730686456,true
678,2.824253686353551,3.685682470025228,true
679,2.639018266907553,4.3488046662082755,false
680,4.376887803649851,4.2857494933110365,true
681,4.6975887889642465,3.673325830542215,false
682,2.7985226579311537,4.662564661490944,false
683,4.137798023179632,2.7166234506502995,true
684,4.075345898709106,3.6241918497718495,true
685,4.7485715129400266,3.403657193023689,false
686,2.0791300501012455,3.975141597140821,true
687,2.136695466847737,2.77564227013758,true
688,4.3733159331795814,2.7793568136166975,false
689,4.696377765320369,3.061518597039484,false
690,3.338800248429487,4.221039155980138,true
691,2.897701347515914,2.129814507065312,false
692,4.767632330748986,4.995037894665079,true
693,3.500866500627343,2.0352145453682065,false
694,4.005464827257334,4.937130489285876,false
695,2.7933067421381432,4.8762943360186295,false
696,2.156450379553539,4.667807978583301,true
697,4.771451645248525,4.38622129293455,false
698,2.860069491660147,3.5919014858739966,true
699,3.003796958826695,4.006187272623528,true
700,4.2209566656838815,4.397486788492142,true
701,4.453579685483669,2.5638164129282934,false
702,2.19071136329135,3.731402595988861,false
703,2.68907232514496,4.823745676590752,false
704,4.5913106508756005,2.7919105982129118,false
705,4.479460380359353,3.5103451128145178,true
706,4.465675857878265,3.0226265106772785,true
707,3.480551779144133,3.293346102679675,true
708,2.239071782602447,3.1400815575412264,true
709,2.020864570988274,4.432187714715662,true
710,3.701575314845404,3.2740687332860148,true
711,4.482920564566007,3.5271097321843103,false
712,2.5973116123425677,3.145236865576138,true
713,2.3896978375014424,2.549362895624347,true
714,2.1468334861559293,4.885707729106734,false
715,4.374557260361243,2.1597136764061897,true
716,4.3156554525056725,3.026823673615563,true
717,2.2134757669802143,4.613227393079486,false
718,4.929703891719628,4.31135775152414,false
719,3.2734447810625267,3.143254041721273,true
720,3.376083520340837,3.82790085820813,true
721,2.2589762057920746,2.4740719181706963,true
722,4.397717056062497,3.2113621299366115,true
723,2.088129785749481,2.1032937720101073,false
724,2.576247260860264,3.4316181140996127,false
725,4.226317195198325,2.987577433785586,true
726,2.325171896136343,3.4733302193020537,true
727,4.818623241896985,3.6936721330021784,false
728,2.9145031618173167,2.435999489602025,true
729,4.822458408973081,2.241996946681283,false
730,2.919630115126541,2.6078872235941724,true
731,2.5996752781598147,3.285354480600639,false
732,2.453388630682671,2.3585382352642563,true
733,3.829493527223947,4.059326747467032,true
734,3.909336898882791,4.344380076428278,false
735,2.000136984941317,3.53351958564299,true
736,4.298792893291768,4.9486994177731205,true
737,4.387796597356534,3.7382859872185104,true
738,2.3424410191532345,3.2017204404765836,true
739,3.690537582655497,2.1440564790490164,false
740,3.8979131559211124,3.344324881983703,false
741,4.042694338556961,3.751150311937294,true
742,3.3365627511075044,4.269975023954226,false
743,2.9718293547112795,2.0593808780611447,false
744,2.1519137834988764,2.1935045736700274,true
745,2.778321719632096,3.938788422612907,false
746,4.753784274441532,4.271241869900999,false
747,2.898637305478116,3.90457183740112,false
748,2.565079083152039,2.312465246279205,false
749,3.353010615091782,3.448898879485667,true
750,2.870993246691082,4.770455991013323,false
751,4.829313761582256,4.275730740319085,true
752,4.751595434829575,3.207546168561093,true
753,3.123179047053968,3.183590599887289,true
754,2.9075784968381235,2.259104673387388,true
755,3.863543705392616,2.257514403649008,true
756,4.018724396634999,2.459874445585928,true
757,3.6103099903689553,3.7381122899790573,false
758,4.9599854390957425,2.05283098680599,true
759,3.8789452321959508,2.6672041936128847,true
760,2.1002113419123494,3.268789375769572,false
761,2.538201976592342,3.268620075392099,true
762,2.2832165798037476,3.8273695484056134,false
763,2.0157070817025304,3.2265245048707056,false
764,3.5698703974756336,4.947634308358738,true
765,4.702067370242643,3.391142382239371,false
766,4.119991807459545,3.200367862907663,false
767,4.669334070943883,3.244685620447452,true
768,3.400327791266439,4.045857030745198,true
769,3.8809659905741105,3.226015025740648,false
770,2.685339975728716,4.567960880236263,true
771,4.194416685369526,4.088625279134624,true
772,4.9081899414969055,2.5764232605094435,true
773,4.171074111813962,4.123531526717631,true
774,2.603612159440507,2.1774049013352155,false
775,2.8772896043828338,3.647877615433797,false
776,3.041119787261321,3.208725737059706,false
777,3.4968610678425454,4.170792383921993,false
778,3.811411877200382,4.897955918849522,false
779,2.754634399514584,2.1474910261943707,true
780,3.1954993461163674,4.755199395271867,true
781,2.0947192380663466,3.44200384585111,true
782,4.788213102707089,2.813169419798619,true
783,2.912543405179191,3.795407192068045,false
784,4.320964983973116,4.954851782249745,true
785,3.2001721721628944,4.441933440696868,true
786,3.1703601092078726,2.554958553838234,true
787,2.0421890365574815,2.1900413250107116,true
788,3.769925488345776,2.918380967026141,true
789,2.7935628055773396,3.5538875294125414,false
790,2.4169446348565797,2.4235075034018334,false
791,4.721812488629681,3.775677363067431,true
792,2.7203949476479448,4.2363432253793345,true
793,4.655053137468207,4.460341420239909,false
794,3.91036398732281,4.962303945966696,true
795,2.7799049093429558,2.5807980443093443,false
796,4.0576405869747205,2.112196093310869,true
797,2.279691759478559,2.798997038943221,false
798,4.7321622039226785,3.6932973732961067,false
799,2.7327236982618843,2.4675677218868053,false
800,2.5971990517140475,4.023595129164131,false
801,2.8359288931226474,3.2642120747934493,false
802,4.507415893357871,3.557079976380726,false
803,4.914071562743129,2.1662162157505596,true
804,3.7060510177169412,4.755054067710631,true
805,4.791874969170997,4.3999654396613685,false
806,2.1691927253389465,3.8749373666518956,true
807,2.181831070996533,4.769738802128516,false
808,4.701842866058499,4.709362059751343,false
809,4.3552605470680685,2.564194349443205,false
810,2.8785903139891835,4.965945000553374,false
811,3.8212488116654084,3.472722751448978,false
812,4.33806734972684,3.5797205797304037,true
813,4.2948058219332355,2.5057273648792684,false
814,3.6250620028607043,2.259662469047176,true
815,3.2184200508837746,2.300692470771265,false
816,2.906482995030564,4.744545742608842,false
817,2.14875339190368,4.386302706241329,true
818,4.315011129355842,2.674463960341535,false
819,3.4697368437907334,2.0874703755322437,false
820,2.6815756669280693,4.486758037937144,true
821,2.443744152083724,2.5253147103425655,false
822,4.38223142801997,3.248566009154356,false
823,2.167001622566109,4.0088875944269855,true
824,4.00472384136488,2.803030792607073,true
825,3.3039897898363875,2.939881131205296,false
826,4.679309466041374,4.565175307107671,true
827,4.168127658817306,2.609838439608775,false
828,4.151471974088522,3.4791230052882876,true
829,3.233643730222779,2.6153386435111257,false
830,4.551571355911422,4.189064932842951,true
831,3.166362422190371,3.303111309647783,false
832,3.3718817346473604,4.1977057186210835,true
833,4.708113715985801,3.2610020139980507,false
834,2.58092133322439,3.3978460378333724,false
835,2.9151888929842285,2.1544837493336844,false
836,4.253614454811376,3.006991099735967,false
837,3.36337475040771,3.8944897663892877,true
838,4.401728202662396,2.45016894073089,true
839,2.081745697270124,3.077952979689118,true
840,2.676887355425098,2.913361681273222,false
841,3.6735962925860153,4.438521136036382,false
842,3.72987733324135,3.972361252123378,true
843,4.090917873290504,2.07327132445636,false
844,2.4407893726425165,4.929810550981011,false
845,4.250922598795006,3.512103169553986,false
846,3.163721232460273,2.9862771031646926,false
847,3.1092011216498174,3.3676258296191603,false
848,3.707075740959829,3.4844653427915944,false
849,3.778255657128056,2.8305951946780055,false
850,2.3757930861872336,2.3504398920965346,true
851,3.2979400120089206,3.34368409438569,false
852,4.280279957669225,2.89926446530385,false
853,3.6344708791011,4.095292756738685,true
854,4.840036462850681,2.884345916399969,true
855,2.8573500312499576,4.313531883869553,false
856,3.7059797267804644,4.026857898433178,true
857,3.8266066945352524,4.623803311212341,true
858,4.663572731630042,4.116857748850385,false
859,3.57551000301361,3.9453381227840905,true
860,4.990868156071376,4.282252534516482,false
861,3.787045870026321,3.3403717183534405,false
862,2.206662947098887,3.1031373481925835,true
863,3.9017756607819547,4.676862032692304,true
864,4.431859739481419,2.032235996199829,false
865,2.1042624007578348,3.3751023949041605,false
866,2.880891204206766,2.234103450229155,true
867,2.965212394436828,4.514000635297489,true
868,4.5740933446071335,4.777181185429658,false
869,2.5589272566989587,2.599236504320208,true
870,3.5744472843228894,3.795874477194995,false
871,4.860958189147903,4.267172381409873,false
872,4.4210702318261035,4.05282602719493,false
873,3.9555076051887004,2.8086787212850393,false
874,2.9348294670335435,3.5863830161439254,false
875,2.5080420747282264,4.62403253367436,false
876,4.900332292267615,4.629782277823538,false
877,3.742300376601606,2.240103399635455,true
878,4.972822164395096,2.25899892944187,true
879,3.9401342557724766,3.391277046652618,true
880,3.68548118818372,4.140966017323822,false
881,2.1663146457199853,4.115347326044277,false
882,2.976087295270264,3.819633290937773,false
883,4.196882710307744,2.205450836281378,true
884,3.2147581633939626,2.8263590573301887,false
885,3.6266498838389682,4.3344459062328164,true
886,2.234393851752859,3.6698401555364217,false
887,2.6306734444126296,2.7539449605683597,true
888,2.287037645711171,3.864367834015368,false
889,2.68096891604503,3.321484478077143,true
890,4.8890057310140005,3.5636936319389623,true
891,2.1964857753795393,2.850829365868809,true
892,2.6014779254046916,4.832788848748178,false
893,2.0811682995770004,3.838194108715388,true
894,4.993052689029559,4.364877395959912,true
895,3.837524010085541,4.162787514134951,true
896,4.915161490401972,3.8926317529748964,true
897,2.8201197217416007,4.95756583012507,true
898,4.384184535864879,3.571031166377276,false
899,3.77488988252729,4.1100293067765525,false
900,4.986140323878406,4.3567900177301055,true
901,4.061976140986856,3.8952174779482873,false
902,4.861202684729926,4.467887135845019,false
903,4.135990827256412,4.90437130381893,true
904,2.74406216153445,4.544145189796209,false
905,4.40147176369723,3.263217326281125,true
906,4.667786314493807,2.723403464841047,false
907,4.8658050966851505,4.307275780264252,false
908,4.268047846460963,4.238892829442526,true
909,3.097222848435816,2.1948217993762364,false
910,2.0233827241779516,3.2036410876701926,false
911,4.131570252742118,2.7669904016571634,true
912,4.467144438073034,2.2947992164305555,false
913,2.9914798077659883,3.516274188550414,false
914,4.117670782344907,3.2435868953599805,true
915,3.000823728880512,4.945368180872398,false
916,3.1522988994573593,2.924230559259479,false
917,3.052163181963228,2.462455450152718,true
918,4.173984443161778,4.227933842811565,false
919,2.012777715589012,3.3876785183538027,true
920,4.494565958844477,4.081011260683437,true
921,3.937308302636841,3.767676011324248,true
922,4.071311034393793,3.8037909478670193,false
923,2.5134045858268466,3.38583760771559,true
924,4.200729068294585,4.032699828093508,false
925,4.319075383036613,3.154027439650957,true
926,3.135949242623438,3.7685871918579945,true
927,3.346862982665448,3.8969430069482214,false
928,3.8576148266267722,3.2793489657953323,false
929,4.842966012723917,4.30211541180362,true
930,2.723995094500633,2.545620018843178,true
931,3.423413272222527,3.2116366233750724,false
932,4.537410634831738,3.329216557127772,true
933,2.513411812316952,3.259202659200213,true
934,4.625259045751733,3.3046961527747616,true
935,4.972021684876745,3.7243475228595093,false
936,4.389946240071039,3.5136023976790227,false
937,2.7619231841620637,3.526190896784925,false
938,3.248122735098534,3.318437202591528,false
939,4.261587753850604,4.490469831088896,false
940,2.5302153485609855,4.898725059482779,true
941,4.787844837772175,3.797750925250919,false
942,4.4727121476500304,4.912747909032062,false
943,4.487170258217146,3.911472217432895,false
944,2.250831758649623,4.927458391417139,false
945,3.580669159503103,3.7114019383036325,true
946,4.575461105785033,3.7037260619485783,false
947,3.287634069025425,3.062149451118163,true
948,2.6244322217517735,2.5522963959472755,true
949,4.9998971654866295,4.115485600915724,false
950,3.179908192348635,2.278362410050021,false
951,4.33156376290584,3.355925201981438,false
952,4.819444654097699,3.266984494797346,false
953,3.863564860826143,3.0886599803739547,true
954,4.83402881888305,2.6225399471193156,true
955,2.0937427176643117,4.972379974055901,true
956,2.327680404143522,4.431083269818469,false
957,2.1866154467543057,4.452540342488762,true
958,3.9705435329254257,2.7112708038340996,false
959,2.7814966834909924,4.080981161661205,false
960,3.421820047027892,3.0419350759207555,false
961,2.8189941901462454,2.2040743887549175,true
962,2.1998304176095407,3.521368698187627,false
963,4.467152755345911,3.2681526788234434,true
964,2.137344326222722,2.434076163644418,false
965,2.1112723152634256,3.4666924922180797,true
966,2.5010494203236577,3.308764530634597,false
967,3.370036855930452,3.8900678053007383,true
968,4.253496500919106,4.178446747308374,false
969,2.0302160093288917,4.202609574600363,false
970,2.910970583535406,4.298746210229307,false
971,3.610975426052847,3.556452882076054,false
972,2.96250359333374,4.473537756013343,false
973,4.052354099729759,2.4481528496093246,true
974,3.116284947769688,2.6892160420358717,false
975,3.258205779956087,3.6237222113093477,false
976,3.230963228861163,3.937994767485477,false
977,2.171468071913652,2.8067940665534055,false
978,3.3977303238831214,3.270664040125738,true
979,4.391827691006302,3.0082548828771714,false
980,4.321820780672481,4.658670288241906,true
981,4.5041153998893035,3.8597023021404366,false
982,2.976425165751814,3.4623878328615003,true
983,3.9522267098734924,4.6887857163288205,true
984,3.3439034801305425,4.4585374068144565,false
985,2.100770990122073,4.20199891289406,false
986,3.9069927790393026,3.5773480475029684,false
987,3.195907612655171,2.8638063309613657,true
988,4.297093250638284,3.323501391393714,true
989,4.050754512184523,4.577266931833181,true
990,4.540366792376097,2.8171153716066994,true
991,3.4714251773273745,3.5755051684442445,false
992,2.38784233846083,2.0735783675360535,true
993,3.4855298433248985,3.8278890964574144,true
994,4.642959959627267,4.507198553325097,false
995,2.231984728067808,3.9629735557841865,true
996,3.8891667680898667,2.3491523455750083,true
997,3.3627882067950567,3.7909843343266614,true
998,4.768900758386765,2.2895647044421374,true
999,4.6250760894820555,4.717857180101992,false
